crop,product,hindi_crop,hindi_product,kannada_crop,kannada_product,telugu_crop,telugu_product,malayalam_crop,malayalam_product,tamil_crop,tamil_product,marathi_crop,marathi_product,gujarati_crop,gujarati_product,punjabi_crop,punjabi_product,bengali_crop,bengali_product,assamese_crop,assamese_product,odia_crop,odia_product
Cucumber,Nazia,खीरा,नाजिया,ಸೌತೆಕಾಯಿ,ನಾಜಿಯಾ,దోసకాయ,నాజియా,വെള്ളരി,നാജിയാ,வெள்ளரி,நாஜியா,काकडी,नाजिया,કાકડી,નાજિયા,ਖੀਰਾ,ਨਾਜਿਯਾ,শসা,নাজিয়া,তিয়ঁহ,নাজিয়া,କାକୁଡ଼ି,ନାଜିଯା
Tomato,Adiya,टमाटर,आदिया,ಟೊಮೇಟೊ,ಆದಿಯಾ,టమాటా,ఆదియా,തക്കാളി,ആദിയാ,தக்காளி,ஆதியா,टोमॅटो,आदिया,ટામેટા,આદિયા,ਟਮਾਟਰ,ਆਦਿਯਾ,টমেটো,আদিয়া,বিলাহী,আদিয়া,ଟମାଟୋ,ଆଦିଯା
Tomato,Adhrit,टमाटर,अध्रित,ಟೊಮೇಟೊ,ಅಧ್ರಿತ,టమాటా,అధ్రిత,തക്കാളി,അധ്രിത,தக்காளி,அத்ரித,टोमॅटो,अध्रित,ટામેટા,અધ્રિત,ਟਮਾਟਰ,ਅਧ੍ਰਿਤ,টমেটো,অধ্রিত,বিলাহী,অধ্ৰিত,ଟମାଟୋ,ଅଧ୍ରିତ
Cauliflower,Dhaval,फूलगोभी,धवल,ಹೂಕೋಸು,ಧವಲ,కాలీఫ్లవర్,ధవల,കോളിഫ്ലവർ,ധവല,காலிஃபிளவர்,தவல,फुलकोबी,धवल,ફુલાવર,ધવલ,ਫੁੱਲ ਗੋਭੀ,ਧਵਲ,ফুলকপি,ধবল,ফুলকবি,ধৱল,ଫୁଲକୋବି,ଧଵଲ
Bitter Gourd,Pragati,करेला,प्रगति,ಹಾಗಲಕಾಯಿ,ಪ್ರಗತಿ,కాకరకాయ,ప్రగతి,പാവയ്ക്ക,പ്രഗതി,பாகற்காய்,ப்ரகதி,कारले,प्रगति,કારેલા,પ્રગતિ,ਕਰੇਲਾ,ਪ੍ਰਗਤਿ,করলা,প্রগতি,কেৰেলা,প্ৰগতি,କଲରା,ପ୍ରଗତି
Bitter Gourd,Prachi,करेला,प्राची,ಹಾಗಲಕಾಯಿ,ಪ್ರಾಚೀ,కాకరకాయ,ప్రాచీ,പാവയ്ക്ക,പ്രാചീ,பாகற்காய்,ப்ராசீ,कारले,प्राची,કારેલા,પ્રાચી,ਕਰੇਲਾ,ਪ੍ਰਾਚੀ,করলা,প্রাচী,কেৰেলা,প্ৰাচী,କଲରା,ପ୍ରାଚୀ
Bitter Gourd,Palee,करेला,पाली,ಹಾಗಲಕಾಯಿ,ಪಾಲೀ,కాకరకాయ,పాలీ,പാവയ്ക്ക,പാലീ,பாகற்காய்,பாலீ,कारले,पाली,કારેલા,પાલી,ਕਰੇਲਾ,ਪਾਲੀ,করলা,পালী,কেৰেলা,পালী,କଲରା,ପାଲୀ
Cucumber,Encounter,खीरा,एनकाउंटर,ಸೌತೆಕಾಯಿ,ಏನಕಾಉಂಟರ,దోసకాయ,ఏనకాఉంటర,വെള്ളരി,ഏനകാഉംടര,வெள்ளரி,ஏநகாஉண்டர,काकडी,एनकाउंटर,કાકડી,એનકાઉંટર,ਖੀਰਾ,ਏਨਕਾਉਂਟਰ,শসা,এনকাউংটর,তিয়ঁহ,এনকাউংটৰ,କାକୁଡ଼ି,ଏନକାଉଂଟର
Cucumber,Kamini,खीरा,कामिनी,ಸೌತೆಕಾಯಿ,ಕಾಮಿನೀ,దోసకాయ,కామినీ,വെള്ളരി,കാമിനീ,வெள்ளரி,காமிநீ,काकडी,कामिनी,કાકડી,કામિની,ਖੀਰਾ,ਕਾਮਿਨੀ,শসা,কামিনী,তিয়ঁহ,কামিনী,କାକୁଡ଼ି,କାମିନୀ
Tomato,Bajeerao,टमाटर,बाजीराव,ಟೊಮೇಟೊ,ಬಾಜೀರಾವ,టమాటా,బాజీరావ,തക്കാളി,ബാജീരാവ,தக்காளி,பாஜீராவ,टोमॅटो,बाजीराव,ટામેટા,બાજીરાવ,ਟਮਾਟਰ,ਬਾਜੀਰਾਵ,টমেটো,বাজীরাব,বিলাহী,বাজীৰাৱ,ଟମାଟୋ,ବାଜୀରାଵ
Pumpkin,Arjuna,कद्दू,अर्जुन,ಕುಂಬಳಕಾಯಿ,ಅರ್ಜುನ,గుమ్మడికాయ,అర్జున,മത്തങ്ങ,അര്ജുന,பரங்கிக்காய்,அர்ஜுந,लाल भोपळा,अर्जुन,કોળું,અર્જુન,ਕੱਦੂ,ਅਰ੍ਜੁਨ,মিষ্টি কুমড়া,অর্জুন,ৰঙালাউ,অৰ্জুন,କଖାରୁ,ଅର୍ଜୁନ
Luffa Angular,Naavi,तोरई,नावी,ಹೀರೆಕಾಯಿ,ನಾವೀ,బీరకాయ,నావీ,പീച്ചിങ്ങ,നാവീ,பீர்க்கங்காய்,நாவீ,दोडका,नावी,તુરિયા,નાવી,ਤੋਰੀ,ਨਾਵੀ,ঝিঙে,নাবী,জিকা,নাৱী,ଜହ୍ନି,ନାଵୀ
Luffa Smooth,ChamCham,चिकनी तोरई,चमचम,ತುಪ್ಪದ ಹೀರೆಕಾಯಿ,ಚಮಚಮ,నేతి బీరకాయ,చమచమ,മിനുസമുള്ള പീച്ചിങ്ങ,ചമചമ,மிருதுவான பீர்க்கங்காய்,சமசம,घोसाळे,चमचम,ગલકા,ચમચમ,ਘੀਆ ਤੋਰੀ,ਚਮਚਮ,ধুন্দুল,চমচম,ভোল,চমচম,ଚିକ୍କଣ ଜହ୍ନି,ଚମଚମ
Luffa Angular,New Lu,तोरई,न्यू लू,ಹೀರೆಕಾಯಿ,ನ್ಯೂ ಲೂ,బీరకాయ,న్యూ లూ,പീച്ചിങ്ങ,ന്യൂ ലൂ,பீர்க்கங்காய்,ந்யூ லூ,दोडका,न्यू लू,તુરિયા,ન્યૂ લૂ,ਤੋਰੀ,ਨ੍ਯੂ ਲੂ,ঝিঙে,ন্যূ লূ,জিকা,ন্যূ লূ,ଜହ୍ନି,ନ୍ଯୂ ଲୂ
Bottle Gourd,Anmol,लौकी,अनमोल,ಸೋರೆಕಾಯಿ,ಅನಮೋಲ,సొరకాయ,అనమోల,ചുരയ്ക്ക,അനമോല,சுரைக்காய்,அநமோல,दुधी भोपळा,अनमोल,દૂધી,અનમોલ,ਲੌਕੀ,ਅਨਮੋਲ,লাউ,অনমোল,জাতি লাও,অনমোল,ଲାଉ,ଅନମୋଲ
Ridge Gourd,Malika,तुरई,मलिका,ಹೀರೆಕಾಯಿ,ಮಲಿಕಾ,బీరకాయ,మలికా,പീച്ചിങ്ങ,മലികാ,பீர்க்கங்காய்,மலிகா,दोडका,मलिका,તુરિયા,મલિકા,ਤੋਰੀ,ਮਲਿਕਾ,ঝিঙে,মলিকা,জিকা,মলিকা,ଜହ୍ନି,ମଲିକା
Okra,Beendiya,भिंडी,बीन्दिया,ಬೆಂಡೆಕಾಯಿ,ಬೀನ್ದಿಯಾ,బెండకాయ,బీన్దియా,വെണ്ടയ്ക്ക,ബീന്ദിയാ,வெண்டைக்காய்,பீந்தியா,भेंडी,बीन्दिया,ભીંડા,બીન્દિયા,ਭਿੰਡੀ,ਬੀਨ੍ਦਿਯਾ,ঢেঁড়স,বীন্দিয়া,ভেণ্ডি,বীন্দিয়া,ଭେଣ୍ଡି,ବୀନ୍ଦିଯା
Bottle Gourd,Aadavan,लौकी,आदवन,ಸೋರೆಕಾಯಿ,ಆದವನ,సొరకాయ,ఆదవన,ചുരയ്ക്ക,ആദവന,சுரைக்காய்,ஆதவந,दुधी भोपळा,आदवन,દૂધી,આદવન,ਲੌਕੀ,ਆਦਵਨ,লাউ,আদবন,জাতি লাও,আদৱন,ଲାଉ,ଆଦଵନ
Tomato,EW 815,टमाटर,ईडब्ल्यू 815,ಟೊಮೇಟೊ,ಈಡಬ್ಲ್ಯೂ 815,టమాటా,ఈడబ్ల్యూ 815,തക്കാളി,ഈഡബ്ല്യൂ 815,தக்காளி,ஈடப்ல்யூ 815,टोमॅटो,ईडब्ल्यू 815,ટામેટા,ઈડબ્લ્યૂ 815,ਟਮਾਟਰ,ਈਡਬ੍ਲ੍ਯੂ 815,টমেটো,ঈডব্ল্যূ 815,বিলাহী,ঈডব্ল্যূ 815,ଟମାଟୋ,ଈଡବ୍ଲ୍ଯୂ 815
Tomato,EW 825,टमाटर,ईडब्ल्यू 825,ಟೊಮೇಟೊ,ಈಡಬ್ಲ್ಯೂ 825,టమాటా,ఈడబ్ల్యూ 825,തക്കാളി,ഈഡബ്ല്യൂ 825,தக்காளி,ஈடப்ல்யூ 825,टोमॅटो,ईडब्ल्यू 825,ટામેટા,ઈડબ્લ્યૂ 825,ਟਮਾਟਰ,ਈਡਬ੍ਲ੍ਯੂ 825,টমেটো,ঈডব্ল্যূ 825,বিলাহী,ঈডব্ল্যূ 825,ଟମାଟୋ,ଈଡବ୍ଲ୍ଯୂ 825
Bottle Gourd,Swikar,लौकी,स्वीकार,ಸೋರೆಕಾಯಿ,ಸ್ವೀಕಾರ,సొరకాయ,స్వీకార,ചുരയ്ക്ക,സ്വീകാര,சுரைக்காய்,ஸ்வீகார,दुधी भोपळा,स्वीकार,દૂધી,સ્વીકાર,ਲੌਕੀ,ਸ੍ਵੀਕਾਰ,লাউ,স্বীকার,জাতি লাও,স্ৱীকাৰ,ଲାଉ,ସ୍ଵୀକାର
Bottle Gourd,Kriyansh,लौकी,क्रियांश,ಸೋರೆಕಾಯಿ,ಕ್ರಿಯಾಂಶ,సొరకాయ,క్రియాంశ,ചുരയ്ക്ക,ക്രിയാംശ,சுரைக்காய்,க்ரியாந்ஶ,दुधी भोपळा,क्रियांश,દૂધી,ક્રિયાંશ,ਲੌਕੀ,ਕ੍ਰਿਯਾਂਸ਼,লাউ,ক্রিয়াংশ,জাতি লাও,ক্ৰিয়াংশ,ଲାଉ,କ୍ରିଯାଂଶ
Bitter Gourd,Maya,करेला,माया,ಹಾಗಲಕಾಯಿ,ಮಾಯಾ,కాకరకాయ,మాయా,പാവയ്ക്ക,മായാ,பாகற்காய்,மாயா,कारले,माया,કારેલા,માયા,ਕਰੇਲਾ,ਮਾਯਾ,করলা,মায়া,কেৰেলা,মায়া,କଲରା,ମାଯା
Ridge Gourd,Naga,तुरई,नागा,ಹೀರೆಕಾಯಿ,ನಾಗಾ,బీరకాయ,నాగా,പീച്ചിങ്ങ,നാഗാ,பீர்க்கங்காய்,நாகா,दोडका,नागा,તુરિયા,નાગા,ਤੋਰੀ,ਨਾਗਾ,ঝিঙে,নাগা,জিকা,নাগা,ଜହ୍ନି,ନାଗା
Ridge Gourd,Rama,तुरई,रामा,ಹೀರೆಕಾಯಿ,ರಾಮಾ,బీరకాయ,రామా,പീച്ചിങ്ങ,രാമാ,பீர்க்கங்காய்,ராமா,दोडका,रामा,તુરિયા,રામા,ਤੋਰੀ,ਰਾਮਾ,ঝিঙে,রামা,জিকা,ৰামা,ଜହ୍ନି,ରାମା
Bottle Gourd,Gadda,लौकी,गड्डा,ಸೋರೆಕಾಯಿ,ಗಡ್ಡಾ,సొరకాయ,గడ్డా,ചുരയ്ക്ക,ഗഡ്ഡാ,சுரைக்காய்,கட்டா,दुधी भोपळा,गड्डा,દૂધી,ગડ્ડા,ਲੌਕੀ,ਗਡ੍ਡਾ,লাউ,গড্ডা,জাতি লাও,গড্ডা,ଲାଉ,ଗଡ୍ଡା
Cucumber,Saira,खीरा,सायरा,ಸೌತೆಕಾಯಿ,ಸಾಯರಾ,దోసకాయ,సాయరా,വെള്ളരി,സായരാ,வெள்ளரி,ஸாயரா,काकडी,सायरा,કાકડી,સાયરા,ਖੀਰਾ,ਸਾਯਰਾ,শসা,সায়রা,তিয়ঁহ,সায়ৰা,କାକୁଡ଼ି,ସାଯରା
Tomato,Shreya,टमाटर,श्रेया,ಟೊಮೇಟೊ,ಶ್ರೇಯಾ,టమాటా,శ్రేయా,തക്കാളി,ശ്രേയാ,தக்காளி,ஶ்ரேயா,टोमॅटो,श्रेया,ટામેટા,શ્રેયા,ਟਮਾਟਰ,ਸ਼੍ਰੇਯਾ,টমেটো,শ্রেয়া,বিলাহী,শ্ৰেয়া,ଟମାଟୋ,ଶ୍ରେଯା
Tomato,Hridhaan,टमाटर,हृदान,ಟೊಮೇಟೊ,ಹೃದಾನ,టమాటా,హృదాన,തക്കാളി,ഹൃദാന,தக்காளி,ஹ்ரிதாந,टोमॅटो,हृदान,ટામેટા,હૃદાન,ਟਮਾਟਰ,ਹ੍ਰਿਦਾਨ,টমেটো,হৃদান,বিলাহী,হৃদান,ଟମାଟୋ,ହୃଦାନ
Tomato,Diwakar,टमाटर,दिवाकर,ಟೊಮೇಟೊ,ದಿವಾಕರ,టమాటా,దివాకర,തക്കാളി,ദിവാകര,தக்காளி,திவாகர,टोमॅटो,दिवाकर,ટામેટા,દિવાકર,ਟਮਾਟਰ,ਦਿਵਾਕਰ,টমেটো,দিবাকর,বিলাহী,দিৱাকৰ,ଟମାଟୋ,ଦିଵାକର
Okra,Sniper,भिंडी,स्नाइपर,ಬೆಂಡೆಕಾಯಿ,ಸ್ನಾಇಪರ,బెండకాయ,స్నాఇపర,വെണ്ടയ്ക്ക,സ്നാഇപര,வெண்டைக்காய்,ஸ்நாஇபர,भेंडी,स्नाइपर,ભીંડા,સ્નાઇપર,ਭਿੰਡੀ,ਸ੍ਨਾਇਪਰ,ঢেঁড়স,স্নাইপর,ভেণ্ডি,স্নাইপৰ,ଭେଣ୍ଡି,ସ୍ନାଇପର
Pumpkin,Leela,कद्दू,लीला,ಕುಂಬಳಕಾಯಿ,ಲೀಲಾ,గుమ్మడికాయ,లీలా,മത്തങ്ങ,ലീലാ,பரங்கிக்காய்,லீலா,लाल भोपळा,लीला,કોળું,લીલા,ਕੱਦੂ,ਲੀਲਾ,মিষ্টি কুমড়া,লীলা,ৰঙালাউ,লীলা,କଖାରୁ,ଲୀଲା
Okra,Chameli,भिंडी,चमेली,ಬೆಂಡೆಕಾಯಿ,ಚಮೇಲೀ,బెండకాయ,చమేలీ,വെണ്ടയ്ക്ക,ചമേലീ,வெண்டைக்காய்,சமேலீ,भेंडी,चमेली,ભીંડા,ચમેલી,ਭਿੰਡੀ,ਚਮੇਲੀ,ঢেঁড়স,চমেলী,ভেণ্ডি,চমেলী,ଭେଣ୍ଡି,ଚମେଲୀ
Yard Long Beans,Vaishnavi,बरबटी,वैष्णवी,ಅಲಸಂದೆ,ವೈಷ್ಣವೀ,అలసంద కాయ,వైష్ణవీ,അച്ചിങ്ങ പയർ,വൈഷ്ണവീ,காராமணிக்காய்,வைஷ்ணவீ,चवळी शेंगा,वैष्णवी,ચોળી,વૈષ્ણવી,ਲੋਬੀਆ ਫਲੀ,ਵੈਸ਼੍ਣਵੀ,বরবটি,বৈষ্ণবী,উৰহী,ৱৈষ্ণৱী,ଝୁଡ଼ଙ୍ଗ,ଵୈଷ୍ଣଵୀ
Bitter Gourd,Tuku,करेला,टुकु,ಹಾಗಲಕಾಯಿ,ಟುಕು,కాకరకాయ,టుకు,പാവയ്ക്ക,ടുകു,பாகற்காய்,டுகு,कारले,टुकु,કારેલા,ટુકુ,ਕਰੇਲਾ,ਟੁਕੁ,করলা,টুকু,কেৰেলা,টুকু,କଲରା,ଟୁକୁ
Bitter Gourd,Aaliya,करेला,आलिया,ಹಾಗಲಕಾಯಿ,ಆಲಿಯಾ,కాకరకాయ,ఆలియా,പാവയ്ക്ക,ആലിയാ,பாகற்காய்,ஆலியா,कारले,आलिया,કારેલા,આલિયા,ਕਰੇਲਾ,ਆਲਿਯਾ,করলা,আলিয়া,কেৰেলা,আলিয়া,କଲରା,ଆଲିଯା
Sweet Corn,Golden Cob,स्वीट कॉर्न,गोल्डन कॉब,ಸಿಹಿ ಜೋಳ,ಗೋಲ್ಡನ ಕಾಬ,తీపి మొక్కజొన్న,గోల్డన కాబ,മധുര ചോളം,ഗോല്ഡന കാബ,இனிப்பு சோளம்,கோல்டந காப,स्वीट कॉर्न,गोल्डन कॉब,મીઠી મકાઈ,ગોલ્ડન કાબ,ਮਿੱਠੀ ਮੱਕੀ,ਗੋਲ੍ਡਨ ਕਾਬ,মিষ্টি ভুট্টা,গোল্ডন কাব,মিঠা মাকৈ,গোল্ডন কাব,ମିଠା ମକା,ଗୋଲ୍ଡନ କାବ
Cabbage,Chanda,पत्तागोभी,चंदा,ಎಲೆಕೋಸು,ಚಂದಾ,క్యాబేజీ,చందా,കാബേജ്,ചംദാ,முட்டைக்கோஸ்,சந்தா,कोबी,चंदा,કોબીજ,ચંદા,ਬੰਦ ਗੋਭੀ,ਚਂਦਾ,বাঁধাকপি,চংদা,বন্ধাকবি,চংদা,ବନ୍ଧାକୋବି,ଚଂଦା
Cabbage,Avanish,पत्तागोभी,अवनीश,ಎಲೆಕೋಸು,ಅವನೀಶ,క్యాబేజీ,అవనీశ,കാബേജ്,അവനീശ,முட்டைக்கோஸ்,அவநீஶ,कोबी,अवनीश,કોબીજ,અવનીશ,ਬੰਦ ਗੋਭੀ,ਅਵਨੀਸ਼,বাঁধাকপি,অবনীশ,বন্ধাকবি,অৱনীশ,ବନ୍ଧାକୋବି,ଅଵନୀଶ
Onion,Prema,प्याज,प्रेमा,ಈರುಳ್ಳಿ,ಪ್ರೇಮಾ,ఉల్లిపాయ,ప్రేమా,സവാള,പ്രേമാ,வெங்காயம்,ப்ரேமா,कांदा,प्रेमा,ડુંગળી,પ્રેમા,ਪਿਆਜ਼,ਪ੍ਰੇਮਾ,পেঁয়াজ,প্রেমা,পিয়াঁজ,প্ৰেমা,ପିଆଜ,ପ୍ରେମା
Bitter Gourd,Pakhi,करेला,पाखी,ಹಾಗಲಕಾಯಿ,ಪಾಖೀ,కాకరకాయ,పాఖీ,പാവയ്ക്ക,പാഖീ,பாகற்காய்,பாகீ,कारले,पाखी,કારેલા,પાખી,ਕਰੇਲਾ,ਪਾਖੀ,করলা,পাখী,কেৰেলা,পাখী,କଲରା,ପାଖୀ
Bitter Gourd,Nitika,करेला,नितिका,ಹಾಗಲಕಾಯಿ,ನಿತಿಕಾ,కాకరకాయ,నితికా,പാവയ്ക്ക,നിതികാ,பாகற்காய்,நிதிகா,कारले,नितिका,કારેલા,નિતિકા,ਕਰੇਲਾ,ਨਿਤਿਕਾ,করলা,নিতিকা,কেৰেলা,নিতিকা,କଲରା,ନିତିକା
Cabbage,Pulkit,पत्तागोभी,पुलकित,ಎಲೆಕೋಸು,ಪುಲಕಿತ,క్యాబేజీ,పులకిత,കാബേജ്,പുലകിത,முட்டைக்கோஸ்,புலகித,कोबी,पुलकित,કોબીજ,પુલકિત,ਬੰਦ ਗੋਭੀ,ਪੁਲਕਿਤ,বাঁধাকপি,পুলকিত,বন্ধাকবি,পুলকিত,ବନ୍ଧାକୋବି,ପୁଲକିତ
Bitter Gourd,Pia,करेला,पिया,ಹಾಗಲಕಾಯಿ,ಪಿಯಾ,కాకరకాయ,పియా,പാവയ്ക്ക,പിയാ,பாகற்காய்,பியா,कारले,पिया,કારેલા,પિયા,ਕਰੇਲਾ,ਪਿਯਾ,করলা,পিয়া,কেৰেলা,পিয়া,କଲରା,ପିଯା
Bitter Gourd,Shifu,करेला,शिफू,ಹಾಗಲಕಾಯಿ,ಶಿಫೂ,కాకరకాయ,శిఫూ,പാവയ്ക്ക,ശിഫൂ,பாகற்காய்,ஶிபூ,कारले,शिफू,કારેલા,શિફૂ,ਕਰੇਲਾ,ਸ਼ਿਫੂ,করলা,শিফূ,কেৰেলা,শিফূ,କଲରା,ଶିଫୂ
Cabbage,Green Top,पत्तागोभी,ग्रीन टॉप,ಎಲೆಕೋಸು,ಗ್ರೀನ ಟಾಪ,క్యాబేజీ,గ్రీన టాప,കാബേജ്,ഗ്രീന ടാപ,முட்டைக்கோஸ்,க்ரீந டாப,कोबी,ग्रीन टॉप,કોબીજ,ગ્રીન ટાપ,ਬੰਦ ਗੋਭੀ,ਗ੍ਰੀਨ ਟਾਪ,বাঁধাকপি,গ্রীন টাপ,বন্ধাকবি,গ্ৰীন টাপ,ବନ୍ଧାକୋବି,ଗ୍ରୀନ ଟାପ
Bitter Gourd,Pihu,करेला,पीहू,ಹಾಗಲಕಾಯಿ,ಪೀಹೂ,కాకరకాయ,పీహూ,പാവയ്ക്ക,പീഹൂ,பாகற்காய்,பீஹூ,कारले,पीहू,કારેલા,પીહૂ,ਕਰੇਲਾ,ਪੀਹੂ,করলা,পীহূ,কেৰেলা,পীহূ,କଲରା,ପୀହୂ
Bitter Gourd,Yuvan,करेला,युवान,ಹಾಗಲಕಾಯಿ,ಯುವಾನ,కాకరకాయ,యువాన,പാവയ്ക്ക,യുവാന,பாகற்காய்,யுவாந,कारले,युवान,કારેલા,યુવાન,ਕਰੇਲਾ,ਯੁਵਾਨ,করলা,যুবান,কেৰেলা,যুৱান,କଲରା,ଯୁଵାନ
Cabbage,Manvit,पत्तागोभी,मानवित,ಎಲೆಕೋಸು,ಮಾನವಿತ,క్యాబేజీ,మానవిత,കാബേജ്,മാനവിത,முட்டைக்கோஸ்,மாநவித,कोबी,मानवित,કોબીજ,માનવિત,ਬੰਦ ਗੋਭੀ,ਮਾਨਵਿਤ,বাঁধাকপি,মানবিত,বন্ধাকবি,মানৱিত,ବନ୍ଧାକୋବି,ମାନଵିତ
Bitter Gourd,Chhaya,करेला,छाया,ಹಾಗಲಕಾಯಿ,ಛಾಯಾ,కాకరకాయ,ఛాయా,പാവയ്ക്ക,ഛായാ,பாகற்காய்,சாயா,कारले,छाया,કારેલા,છાયા,ਕਰੇਲਾ,ਛਾਯਾ,করলা,ছায়া,কেৰেলা,ছায়া,କଲରା,ଛାଯା
Wax Gourd,Suguna,पेठा,सुगुणा,ಬೂದುಗುಂಬಳ,ಸುಗುಣಾ,బూడిద గుమ్మడికాయ,సుగుణా,കുമ്പളങ്ങ,സുഗുണാ,வெண் பூசணி,ஸுகுணா,कोहळा,सुगुणा,ભૂરું કોળું,સુગુણા,ਪੇਠਾ,ਸੁਗੁਣਾ,চালকুমড়া,সুগুণা,কোমোৰা,সুগুণা,ପାଣିକଖାରୁ,ସୁଗୁଣା
Onion,Prapti,प्याज,प्राप्ति,ಈರುಳ್ಳಿ,ಪ್ರಾಪ್ತಿ,ఉల్లిపాయ,ప్రాప్తి,സവാള,പ്രാപ്തി,வெங்காயம்,ப்ராப்தி,कांदा,प्राप्ति,ડુંગળી,પ્રાપ્તિ,ਪਿਆਜ਼,ਪ੍ਰਾਪ੍ਤਿ,পেঁয়াজ,প্রাপ্তি,পিয়াঁজ,প্ৰাপ্তি,ପିଆଜ,ପ୍ରାପ୍ତି
Onion,Prerna,प्याज,प्रेरणा,ಈರುಳ್ಳಿ,ಪ್ರೇರಣಾ,ఉల్లిపాయ,ప్రేరణా,സവാള,പ്രേരണാ,வெங்காயம்,ப்ரேரணா,कांदा,प्रेरणा,ડુંગળી,પ્રેરણા,ਪਿਆਜ਼,ਪ੍ਰੇਰਣਾ,পেঁয়াজ,প্রেরণা,পিয়াঁজ,প্ৰেৰণা,ପିଆଜ,ପ୍ରେରଣା
Onion,Prabhas,प्याज,प्रभास,ಈರುಳ್ಳಿ,ಪ್ರಭಾಸ,ఉల్లిపాయ,ప్రభాస,സവാള,പ്രഭാസ,வெங்காயம்,ப்ரபாஸ,कांदा,प्रभास,ડુંગળી,પ્રભાસ,ਪਿਆਜ਼,ਪ੍ਰਭਾਸ,পেঁয়াজ,প্রভাস,পিয়াঁজ,প্ৰভাস,ପିଆଜ,ପ୍ରଭାସ
Wax Gourd,Suruchi,पेठा,सुरुचि,ಬೂದುಗುಂಬಳ,ಸುರುಚಿ,బూడిద గుమ్మడికాయ,సురుచి,കുമ്പളങ്ങ,സുരുചി,வெண் பூசணி,ஸுருசி,कोहळा,सुरुचि,ભૂરું કોળું,સુરુચિ,ਪੇਠਾ,ਸੁਰੁਚਿ,চালকুমড়া,সুরুচি,কোমোৰা,সুৰুচি,ପାଣିକଖାରୁ,ସୁରୁଚି
Okra,Marshal,भिंडी,मार्शल,ಬೆಂಡೆಕಾಯಿ,ಮಾರ್ಶಲ,బెండకాయ,మార్శల,വെണ്ടയ്ക്ക,മാര്ശല,வெண்டைக்காய்,மார்ஶல,भेंडी,मार्शल,ભીંડા,માર્શલ,ਭਿੰਡੀ,ਮਾਰ੍ਸ਼ਲ,ঢেঁড়স,মার্শল,ভেণ্ডি,মাৰ্শল,ଭେଣ୍ଡି,ମାର୍ଶଲ
Okra,Commando,भिंडी,कमांडो,ಬೆಂಡೆಕಾಯಿ,ಕಮಾಂಡೋ,బెండకాయ,కమాండో,വെണ്ടയ്ക്ക,കമാംഡോ,வெண்டைக்காய்,கமாண்டோ,भेंडी,कमांडो,ભીંડા,કમાંડો,ਭਿੰਡੀ,ਕਮਾਂਡੋ,ঢেঁড়স,কমাংডো,ভেণ্ডি,কমাংডো,ଭେଣ୍ଡି,କମାଂଡୋ
Okra,Mukti,भिंडी,मुक्ति,ಬೆಂಡೆಕಾಯಿ,ಮುಕ್ತಿ,బెండకాయ,ముక్తి,വെണ്ടയ്ക്ക,മുക്തി,வெண்டைக்காய்,முக்தி,भेंडी,मुक्ति,ભીંડા,મુક્તિ,ਭਿੰਡੀ,ਮੁਕ੍ਤਿ,ঢেঁড়স,মুক্তি,ভেণ্ডি,মুক্তি,ଭେଣ୍ଡି,ମୁକ୍ତି
Okra,Admiral,भिंडी,एडमिरल,ಬೆಂಡೆಕಾಯಿ,ಏಡಮಿರಲ,బెండకాయ,ఏడమిరల,വെണ്ടയ്ക്ക,ഏഡമിരല,வெண்டைக்காய்,ஏடமிரல,भेंडी,एडमिरल,ભીંડા,એડમિરલ,ਭਿੰਡੀ,ਏਡਮਿਰਲ,ঢেঁড়স,এডমিরল,ভেণ্ডি,এডমিৰল,ଭେଣ୍ଡି,ଏଡମିରଲ
Okra,Kirti,भिंडी,कीर्ति,ಬೆಂಡೆಕಾಯಿ,ಕೀರ್ತಿ,బెండకాయ,కీర్తి,വെണ്ടയ്ക്ക,കീര്തി,வெண்டைக்காய்,கீர்தி,भेंडी,कीर्ति,ભીંડા,કીર્તિ,ਭਿੰਡੀ,ਕੀਰ੍ਤਿ,ঢেঁড়স,কীর্তি,ভেণ্ডি,কীৰ্তি,ଭେଣ୍ଡି,କୀର୍ତି
Okra,Brigadier,भिंडी,ब्रिगेडियर,ಬೆಂಡೆಕಾಯಿ,ಬ್ರಿಗೇಡಿಯರ,బెండకాయ,బ్రిగేడియర,വെണ്ടയ്ക്ക,ബ്രിഗേഡിയര,வெண்டைக்காய்,ப்ரிகேடியர,भेंडी,ब्रिगेडियर,ભીંડા,બ્રિગેડિયર,ਭਿੰਡੀ,ਬ੍ਰਿਗੇਡਿਯਰ,ঢেঁড়স,ব্রিগেডিয়র,ভেণ্ডি,ব্ৰিগেডিয়ৰ,ଭେଣ୍ଡି,ବ୍ରିଗେଡିଯର
Hot Pepper,Chamundi,मिर्च,चामुंडी,ಮೆಣಸಿನಕಾಯಿ,ಚಾಮುಂಡೀ,మిరపకాయ,చాముండీ,മുളക്,ചാമുംഡീ,மிளகாய்,சாமுண்டீ,मिरची,चामुंडी,મરચાં,ચામુંડી,ਮਿਰਚ,ਚਾਮੁਂਡੀ,লঙ্কা,চামুংডী,জলকীয়া,চামুংডী,ଲଙ୍କା,ଚାମୁଂଡୀ
Okra,Kubera,भिंडी,कुबेर,ಬೆಂಡೆಕಾಯಿ,ಕುಬೇರ,బెండకాయ,కుబేర,വെണ്ടയ്ക്ക,കുബേര,வெண்டைக்காய்,குபேர,भेंडी,कुबेर,ભીંડા,કુબેર,ਭਿੰਡੀ,ਕੁਬੇਰ,ঢেঁড়স,কুবের,ভেণ্ডি,কুবেৰ,ଭେଣ୍ଡି,କୁବେର
Hot Pepper,Daiya,मिर्च,दैया,ಮೆಣಸಿನಕಾಯಿ,ದೈಯಾ,మిరపకాయ,దైయా,മുളക്,ദൈയാ,மிளகாய்,தையா,मिरची,दैया,મરચાં,દૈયા,ਮਿਰਚ,ਦੈਯਾ,লঙ্কা,দৈয়া,জলকীয়া,দৈয়া,ଲଙ୍କା,ଦୈଯା
Hot Pepper,Demon,मिर्च,डेमन,ಮೆಣಸಿನಕಾಯಿ,ಡೇಮನ,మిరపకాయ,డేమన,മുളക്,ഡേമന,மிளகாய்,டேமந,मिरची,डेमन,મરચાં,ડેમન,ਮਿਰਚ,ਡੇਮਨ,লঙ্কা,ডেমন,জলকীয়া,ডেমন,ଲଙ୍କା,ଡେମନ
Hot Pepper,Hakone,मिर्च,हकोने,ಮೆಣಸಿನಕಾಯಿ,ಹಕೋನೇ,మిరపకాయ,హకోనే,മുളക്,ഹകോനേ,மிளகாய்,ஹகோநே,मिरची,हकोने,મરચાં,હકોને,ਮਿਰਚ,ਹਕੋਨੇ,লঙ্কা,হকোনে,জলকীয়া,হকোনে,ଲଙ୍କା,ହକୋନେ
Hot Pepper,Scarlet,मिर्च,स्कारलेट,ಮೆಣಸಿನಕಾಯಿ,ಸ್ಕಾರಲೇಟ,మిరపకాయ,స్కారలేట,മുളക്,സ്കാരലേട,மிளகாய்,ஸ்காரலேட,मिरची,स्कारलेट,મરચાં,સ્કારલેટ,ਮਿਰਚ,ਸ੍ਕਾਰਲੇਟ,লঙ্কা,স্কারলেট,জলকীয়া,স্কাৰলেট,ଲଙ୍କା,ସ୍କାରଲେଟ
Hot Pepper,Ulka,मिर्च,उल्का,ಮೆಣಸಿನಕಾಯಿ,ಉಲ್ಕಾ,మిరపకాయ,ఉల్కా,മുളക്,ഉല്കാ,மிளகாய்,உல்கா,मिरची,उल्का,મરચાં,ઉલ્કા,ਮਿਰਚ,ਉਲ੍ਕਾ,লঙ্কা,উল্কা,জলকীয়া,উল্কা,ଲଙ୍କା,ଉଲ୍କା
Okra,Ultimate,भिंडी,अल्टीमेट,ಬೆಂಡೆಕಾಯಿ,ಅಲ್ಟೀಮೇಟ,బెండకాయ,అల్టీమేట,വെണ്ടയ്ക്ക,അല്ടീമേട,வெண்டைக்காய்,அல்டீமேட,भेंडी,अल्टीमेट,ભીંડા,અલ્ટીમેટ,ਭਿੰਡੀ,ਅਲ੍ਟੀਮੇਟ,ঢেঁড়স,অল্টীমেট,ভেণ্ডি,অল্টীমেট,ଭେଣ୍ଡି,ଅଲ୍ଟୀମେଟ
Okra,Sergeant,भिंडी,सार्जेंट,ಬೆಂಡೆಕಾಯಿ,ಸಾರ್ಜೇಂಟ,బెండకాయ,సార్జేంట,വെണ്ടയ്ക്ക,സാര്ജേംട,வெண்டைக்காய்,ஸார்ஜேண்ட,भेंडी,सार्जेंट,ભીંડા,સાર્જેંટ,ਭਿੰਡੀ,ਸਾਰ੍ਜੇਂਟ,ঢেঁড়স,সার্জেংট,ভেণ্ডি,সাৰ্জেংট,ଭେଣ୍ଡି,ସାର୍ଜେଂଟ
Okra,Basanti,भिंडी,बसंती,ಬೆಂಡೆಕಾಯಿ,ಬಸಂತೀ,బెండకాయ,బసంతీ,വെണ്ടയ്ക്ക,ബസംതീ,வெண்டைக்காய்,பஸந்தீ,भेंडी,बसंती,ભીંડા,બસંતી,ਭਿੰਡੀ,ਬਸਂਤੀ,ঢেঁড়স,বসংতী,ভেণ্ডি,বসংতী,ଭେଣ୍ଡି,ବସଂତୀ
Hot Pepper,Venus,मिर्च,वीनस,ಮೆಣಸಿನಕಾಯಿ,ವೀನಸ,మిరపకాయ,వీనస,മുളക്,വീനസ,மிளகாய்,வீநஸ,मिरची,वीनस,મરચાં,વીનસ,ਮਿਰਚ,ਵੀਨਸ,লঙ্কা,বীনস,জলকীয়া,ৱীনস,ଲଙ୍କା,ଵୀନସ
Pumpkin,Butternut,कद्दू,बटरनट,ಕುಂಬಳಕಾಯಿ,ಬಟರನಟ,గుమ్మడికాయ,బటరనట,മത്തങ്ങ,ബടരനട,பரங்கிக்காய்,படரநட,लाल भोपळा,बटरनट,કોળું,બટરનટ,ਕੱਦੂ,ਬਟਰਨਟ,মিষ্টি কুমড়া,বটরনট,ৰঙালাউ,বটৰনট,କଖାରୁ,ବଟରନଟ
Pumpkin,Minidome,कद्दू,मिनीडोम,ಕುಂಬಳಕಾಯಿ,ಮಿನೀಡೋಮ,గుమ్మడికాయ,మినీడోమ,മത്തങ്ങ,മിനീഡോമ,பரங்கிக்காய்,மிநீடோம,लाल भोपळा,मिनीडोम,કોળું,મિનીડોમ,ਕੱਦੂ,ਮਿਨੀਡੋਮ,মিষ্টি কুমড়া,মিনীডোম,ৰঙালাউ,মিনীডোম,କଖାରୁ,ମିନୀଡୋମ
Hot Pepper,Tejita,मिर्च,तेजिता,ಮೆಣಸಿನಕಾಯಿ,ತೇಜಿತಾ,మిరపకాయ,తేజితా,മുളക്,തേജിതാ,மிளகாய்,தேஜிதா,मिरची,तेजिता,મરચાં,તેજિતા,ਮਿਰਚ,ਤੇਜਿਤਾ,লঙ্কা,তেজিতা,জলকীয়া,তেজিতা,ଲଙ୍କା,ତେଜିତା
Pumpkin,Nyra,कद्दू,नायरा,ಕುಂಬಳಕಾಯಿ,ನಾಯರಾ,గుమ్మడికాయ,నాయరా,മത്തങ്ങ,നായരാ,பரங்கிக்காய்,நாயரா,लाल भोपळा,नायरा,કોળું,નાયરા,ਕੱਦੂ,ਨਾਯਰਾ,মিষ্টি কুমড়া,নায়রা,ৰঙালাউ,নায়ৰা,କଖାରୁ,ନାଯରା
Pumpkin,Yield Pro,कद्दू,यील्ड प्रो,ಕುಂಬಳಕಾಯಿ,ಯೀಲ್ಡ ಪ್ರೋ,గుమ్మడికాయ,యీల్డ ప్రో,മത്തങ്ങ,യീല്ഡ പ്രോ,பரங்கிக்காய்,யீல்ட ப்ரோ,लाल भोपळा,यील्ड प्रो,કોળું,યીલ્ડ પ્રો,ਕੱਦੂ,ਯੀਲ੍ਡ ਪ੍ਰੋ,মিষ্টি কুমড়া,যীল্ড প্রো,ৰঙালাউ,যীল্ড প্ৰো,କଖାରୁ,ଯୀଲ୍ଡ ପ୍ରୋ
Bottle Gourd,Uday,लौकी,उदय,ಸೋರೆಕಾಯಿ,ಉದಯ,సొరకాయ,ఉదయ,ചുരയ്ക്ക,ഉദയ,சுரைக்காய்,உதய,दुधी भोपळा,उदय,દૂધી,ઉદય,ਲੌਕੀ,ਉਦਯ,লাউ,উদয,জাতি লাও,উদয,ଲାଉ,ଉଦଯ
Cauliflower,Agrani,फूलगोभी,अग्रणी,ಹೂಕೋಸು,ಅಗ್ರಣೀ,కాలీఫ్లవర్,అగ్రణీ,കോളിഫ്ലവർ,അഗ്രണീ,காலிஃபிளவர்,அக்ரணீ,फुलकोबी,अग्रणी,ફુલાવર,અગ્રણી,ਫੁੱਲ ਗੋਭੀ,ਅਗ੍ਰਣੀ,ফুলকপি,অগ্রণী,ফুলকবি,অগ্ৰণী,ଫୁଲକୋବି,ଅଗ୍ରଣୀ
Cauliflower,Atria,फूलगोभी,एट्रिया,ಹೂಕೋಸು,ಏಟ್ರಿಯಾ,కాలీఫ్లవర్,ఏట్రియా,കോളിഫ്ലവർ,ഏട്രിയാ,காலிஃபிளவர்,ஏட்ரியா,फुलकोबी,एट्रिया,ફુલાવર,એટ્રિયા,ਫੁੱਲ ਗੋਭੀ,ਏਟ੍ਰਿਯਾ,ফুলকপি,এট্রিয়া,ফুলকবি,এট্ৰিয়া,ଫୁଲକୋବି,ଏଟ୍ରିଯା
Hot Pepper,Adira,मिर्च,अदिरा,ಮೆಣಸಿನಕಾಯಿ,ಅದಿರಾ,మిరపకాయ,అదిరా,മുളക്,അദിരാ,மிளகாய்,அதிரா,मिरची,अदिरा,મરચાં,અદિરા,ਮਿਰਚ,ਅਦਿਰਾ,লঙ্কা,অদিরা,জলকীয়া,অদিৰা,ଲଙ୍କା,ଅଦିରା
Cauliflower,Melissa,फूलगोभी,मेलिसा,ಹೂಕೋಸು,ಮೇಲಿಸಾ,కాలీఫ్లవర్,మేలిసా,കോളിഫ്ലവർ,മേലിസാ,காலிஃபிளவர்,மேலிஸா,फुलकोबी,मेलिसा,ફુલાવર,મેલિસા,ਫੁੱਲ ਗੋਭੀ,ਮੇਲਿਸਾ,ফুলকপি,মেলিসা,ফুলকবি,মেলিসা,ଫୁଲକୋବି,ମେଲିସା
Cauliflower,Kritika,फूलगोभी,कृतिका,ಹೂಕೋಸು,ಕೃತಿಕಾ,కాలీఫ్లవర్,కృతికా,കോളിഫ്ലവർ,കൃതികാ,காலிஃபிளவர்,க்ரிதிகா,फुलकोबी,कृतिका,ફુલાવર,કૃતિકા,ਫੁੱਲ ਗੋਭੀ,ਕ੍ਰਿਤਿਕਾ,ফুলকপি,কৃতিকা,ফুলকবি,কৃতিকা,ଫୁଲକୋବି,କୃତିକା
Cauliflower,Snehal,फूलगोभी,स्नेहल,ಹೂಕೋಸು,ಸ್ನೇಹಲ,కాలీఫ్లవర్,స్నేహల,കോളിഫ്ലവർ,സ്നേഹല,காலிஃபிளவர்,ஸ்நேஹல,फुलकोबी,स्नेहल,ફુલાવર,સ્નેહલ,ਫੁੱਲ ਗੋਭੀ,ਸ੍ਨੇਹਲ,ফুলকপি,স্নেহল,ফুলকবি,স্নেহল,ଫୁଲକୋବି,ସ୍ନେହଲ
Hot Pepper,Dhoom,मिर्च,धूम,ಮೆಣಸಿನಕಾಯಿ,ಧೂಮ,మిరపకాయ,ధూమ,മുളക്,ധൂമ,மிளகாய்,தூம,मिरची,धूम,મરચાં,ધૂમ,ਮਿਰਚ,ਧੂਮ,লঙ্কা,ধূম,জলকীয়া,ধূম,ଲଙ୍କା,ଧୂମ
Tomato,Rani,टमाटर,रानी,ಟೊಮೇಟೊ,ರಾನೀ,టమాటా,రానీ,തക്കാളി,രാനീ,தக்காளி,ராநீ,टोमॅटो,रानी,ટામેટા,રાની,ਟਮਾਟਰ,ਰਾਨੀ,টমেটো,রানী,বিলাহী,ৰানী,ଟମାଟୋ,ରାନୀ
Watermelon,Yellow Munch,तरबूज,येलो मंच,ಕಲ್ಲಂಗಡಿ,ಯೇಲೋ ಮಂಚ,పుచ్చకాయ,యేలో మంచ,തണ്ണിമത്തൻ,യേലോ മംച,தர்பூசணி,யேலோ மஞ்ச,कलिंगड,येलो मंच,તરબૂચ,યેલો મંચ,ਤਰਬੂਜ਼,ਯੇਲੋ ਮਂਚ,তরমুজ,যেলো মংচ,তৰমুজ,যেলো মংচ,ତରଭୁଜ,ଯେଲୋ ମଂଚ
Watermelon,Andaman,तरबूज,अंडमान,ಕಲ್ಲಂಗಡಿ,ಅಂಡಮಾನ,పుచ్చకాయ,అండమాన,തണ്ണിമത്തൻ,അംഡമാന,தர்பூசணி,அண்டமாந,कलिंगड,अंडमान,તરબૂચ,અંડમાન,ਤਰਬੂਜ਼,ਅਂਡਮਾਨ,তরমুজ,অংডমান,তৰমুজ,অংডমান,ତରଭୁଜ,ଅଂଡମାନ
Cauliflower,White Angel,फूलगोभी,व्हाइट एंजेल,ಹೂಕೋಸು,ವ್ಹಾಇಟ ಏಂಜೇಲ,కాలీఫ్లవర్,వ్హాఇట ఏంజేల,കോളിഫ്ലവർ,വ്ഹാഇട ഏംജേല,காலிஃபிளவர்,வ்ஹாஇட ஏஞ்ஜேல,फुलकोबी,व्हाइट एंजेल,ફુલાવર,વ્હાઇટ એંજેલ,ਫੁੱਲ ਗੋਭੀ,ਵ੍ਹਾਇਟ ਏਂਜੇਲ,ফুলকপি,ব্হাইট এংজেল,ফুলকবি,ৱ্হাইট এংজেল,ଫୁଲକୋବି,ଵ୍ହାଇଟ ଏଂଜେଲ
Cauliflower,Sophie,फूलगोभी,सोफी,ಹೂಕೋಸು,ಸೋಫೀ,కాలీఫ్లవర్,సోఫీ,കോളിഫ്ലവർ,സോഫീ,காலிஃபிளவர்,ஸோபீ,फुलकोबी,सोफी,ફુલાવર,સોફી,ਫੁੱਲ ਗੋਭੀ,ਸੋਫੀ,ফুলকপি,সোফী,ফুলকবি,সোফী,ଫୁଲକୋବି,ସୋଫୀ
Onion,Prathamesh,प्याज,प्रथमेश,ಈರುಳ್ಳಿ,ಪ್ರಥಮೇಶ,ఉల్లిపాయ,ప్రథమేశ,സവാള,പ്രഥമേശ,வெங்காயம்,ப்ரதமேஶ,कांदा,प्रथमेश,ડુંગળી,પ્રથમેશ,ਪਿਆਜ਼,ਪ੍ਰਥਮੇਸ਼,পেঁয়াজ,প্রথমেশ,পিয়াঁজ,প্ৰথমেশ,ପିଆଜ,ପ୍ରଥମେଶ
Onion,Green Magic,प्याज,ग्रीन मैजिक,ಈರುಳ್ಳಿ,ಗ್ರೀನ ಮೈಜಿಕ,ఉల్లిపాయ,గ్రీన మైజిక,സവാള,ഗ്രീന മൈജിക,வெங்காயம்,க்ரீந மைஜிக,कांदा,ग्रीन मैजिक,ડુંગળી,ગ્રીન મૈજિક,ਪਿਆਜ਼,ਗ੍ਰੀਨ ਮੈਜਿਕ,পেঁয়াজ,গ্রীন মৈজিক,পিয়াঁজ,গ্ৰীন মৈজিক,ପିଆଜ,ଗ୍ରୀନ ମୈଜିକ
Cucumber,Jumbo Green,खीरा,जंबो ग्रीन,ಸೌತೆಕಾಯಿ,ಜಂಬೋ ಗ್ರೀನ,దోసకాయ,జంబో గ్రీన,വെള്ളരി,ജംബോ ഗ്രീന,வெள்ளரி,ஜம்போ க்ரீந,काकडी,जंबो ग्रीन,કાકડી,જંબો ગ્રીન,ਖੀਰਾ,ਜਂਬੋ ਗ੍ਰੀਨ,শসা,জংবো গ্রীন,তিয়ঁহ,জংবো গ্ৰীন,କାକୁଡ଼ି,ଜଂବୋ ଗ୍ରୀନ
Watermelon,Orange Munch,तरबूज,ऑरेंज मंच,ಕಲ್ಲಂಗಡಿ,ಆರೇಂಜ ಮಂಚ,పుచ్చకాయ,ఆరేంజ మంచ,തണ്ണിമത്തൻ,ആരേംജ മംച,தர்பூசணி,ஆரேஞ்ஜ மஞ்ச,कलिंगड,ऑरेंज मंच,તરબૂચ,આરેંજ મંચ,ਤਰਬੂਜ਼,ਆਰੇਂਜ ਮਂਚ,তরমুজ,আরেংজ মংচ,তৰমুজ,আৰেংজ মংচ,ତରଭୁଜ,ଆରେଂଜ ମଂଚ
Watermelon,Sugar Dew,तरबूज,शुगर ड्यू,ಕಲ್ಲಂಗಡಿ,ಶುಗರ ಡ್ಯೂ,పుచ్చకాయ,శుగర డ్యూ,തണ്ണിമത്തൻ,ശുഗര ഡ്യൂ,தர்பூசணி,ஶுகர ட்யூ,कलिंगड,शुगर ड्यू,તરબૂચ,શુગર ડ્યૂ,ਤਰਬੂਜ਼,ਸ਼ੁਗਰ ਡ੍ਯੂ,তরমুজ,শুগর ড্যূ,তৰমুজ,শুগৰ ড্যূ,ତରଭୁଜ,ଶୁଗର ଡ୍ଯୂ
Watermelon,Mandalay,तरबूज,मांडले,ಕಲ್ಲಂಗಡಿ,ಮಾಂಡಲೇ,పుచ్చకాయ,మాండలే,തണ്ണിമത്തൻ,മാംഡലേ,தர்பூசணி,மாண்டலே,कलिंगड,मांडले,તરબૂચ,માંડલે,ਤਰਬੂਜ਼,ਮਾਂਡਲੇ,তরমুজ,মাংডলে,তৰমুজ,মাংডলে,ତରଭୁଜ,ମାଂଡଲେ
Watermelon,Mukasa,तरबूज,मुकासा,ಕಲ್ಲಂಗಡಿ,ಮುಕಾಸಾ,పుచ్చకాయ,ముకాసా,തണ്ണിമത്തൻ,മുകാസാ,தர்பூசணி,முகாஸா,कलिंगड,मुकासा,તરબૂચ,મુકાસા,ਤਰਬੂਜ਼,ਮੁਕਾਸਾ,তরমুজ,মুকাসা,তৰমুজ,মুকাসা,ତରଭୁଜ,ମୁକାସା
Cucumber,Zeba,खीरा,जेबा,ಸೌತೆಕಾಯಿ,ಜೇಬಾ,దోసకాయ,జేబా,വെള്ളരി,ജേബാ,வெள்ளரி,ஜேபா,काकडी,जेबा,કાકડી,જેબા,ਖੀਰਾ,ਜੇਬਾ,শসা,জেবা,তিয়ঁহ,জেবা,କାକୁଡ଼ି,ଜେବା
Cucumber,Rushika,खीरा,रुशिका,ಸೌತೆಕಾಯಿ,ರುಶಿಕಾ,దోసకాయ,రుశికా,വെള്ളരി,രുശികാ,வெள்ளரி,ருஶிகா,काकडी,रुशिका,કાકડી,રુશિકા,ਖੀਰਾ,ਰੁਸ਼ਿਕਾ,শসা,রুশিকা,তিয়ঁহ,ৰুশিকা,କାକୁଡ଼ି,ରୁଶିକା
Luffa Angular,Navin,तोरई,नवीन,ಹೀರೆಕಾಯಿ,ನವೀನ,బీరకాయ,నవీన,പീച്ചിങ്ങ,നവീന,பீர்க்கங்காய்,நவீந,दोडका,नवीन,તુરિયા,નવીન,ਤੋਰੀ,ਨਵੀਨ,ঝিঙে,নবীন,জিকা,নৱীন,ଜହ୍ନି,ନଵୀନ
Cucumber,Swathi,खीरा,स्वाति,ಸೌತೆಕಾಯಿ,ಸ್ವಾತಿ,దోసకాయ,స్వాతి,വെള്ളരി,സ്വാതി,வெள்ளரி,ஸ்வாதி,काकडी,स्वाति,કાકડી,સ્વાતિ,ਖੀਰਾ,ਸ੍ਵਾਤਿ,শসা,স্বাতি,তিয়ঁহ,স্ৱাতি,କାକୁଡ଼ି,ସ୍ଵାତି
Marigold,Yellow King,गेंदा,येलो किंग,ಚೆಂಡು ಹೂವು,ಯೇಲೋ ಕಿಂಗ,బంతి పువ్వు,యేలో కింగ,ചെണ്ടുമല്ലി,യേലോ കിംഗ,செண்டு மலர்,யேலோ கிங்க,झेंडू,येलो किंग,ગલગોટા,યેલો કિંગ,ਗੇਂਦਾ,ਯੇਲੋ ਕਿਂਗ,গাঁদা,যেলো কিংগ,নাৰ্জী ফুল,যেলো কিংগ,ଗେଣ୍ଡୁ ଫୁଲ,ଯେଲୋ କିଂଗ
Marigold,Yellow Glory,गेंदा,येलो ग्लोरी,ಚೆಂಡು ಹೂವು,ಯೇಲೋ ಗ್ಲೋರೀ,బంతి పువ్వు,యేలో గ్లోరీ,ചെണ്ടുമല്ലി,യേലോ ഗ്ലോരീ,செண்டு மலர்,யேலோ க்லோரீ,झेंडू,येलो ग्लोरी,ગલગોટા,યેલો ગ્લોરી,ਗੇਂਦਾ,ਯੇਲੋ ਗ੍ਲੋਰੀ,গাঁদা,যেলো গ্লোরী,নাৰ্জী ফুল,যেলো গ্লোৰী,ଗେଣ୍ଡୁ ଫୁଲ,ଯେଲୋ ଗ୍ଲୋରୀ
Marigold,Bengal Orange,गेंदा,बंगाल ऑरेंज,ಚೆಂಡು ಹೂವು,ಬಂಗಾಲ ಆರೇಂಜ,బంతి పువ్వు,బంగాల ఆరేంజ,ചെണ്ടുമല്ലി,ബംഗാല ആരേംജ,செண்டு மலர்,பங்கால ஆரேஞ்ஜ,झेंडू,बंगाल ऑरेंज,ગલગોટા,બંગાલ આરેંજ,ਗੇਂਦਾ,ਬਂਗਾਲ ਆਰੇਂਜ,গাঁদা,বংগাল আরেংজ,নাৰ্জী ফুল,বংগাল আৰেংজ,ଗେଣ୍ଡୁ ଫୁଲ,ବଂଗାଲ ଆରେଂଜ
Marigold,Bengal Yellow,गेंदा,बंगाल येलो,ಚೆಂಡು ಹೂವು,ಬಂಗಾಲ ಯೇಲೋ,బంతి పువ్వు,బంగాల యేలో,ചെണ്ടുമല്ലി,ബംഗാല യേലോ,செண்டு மலர்,பங்கால யேலோ,झेंडू,बंगाल येलो,ગલગોટા,બંગાલ યેલો,ਗੇਂਦਾ,ਬਂਗਾਲ ਯੇਲੋ,গাঁদা,বংগাল যেলো,নাৰ্জী ফুল,বংগাল যেলো,ଗେଣ୍ଡୁ ଫୁଲ,ବଂଗାଲ ଯେଲୋ
Marigold,Super Yellow,गेंदा,सुपर येलो,ಚೆಂಡು ಹೂವು,ಸುಪರ ಯೇಲೋ,బంతి పువ్వు,సుపర యేలో,ചെണ്ടുമല്ലി,സുപര യേലോ,செண்டு மலர்,ஸுபர யேலோ,झेंडू,सुपर येलो,ગલગોટા,સુપર યેલો,ਗੇਂਦਾ,ਸੁਪਰ ਯੇਲੋ,গাঁদা,সুপর যেলো,নাৰ্জী ফুল,সুপৰ যেলো,ଗେଣ୍ଡୁ ଫୁଲ,ସୁପର ଯେଲୋ
Marigold,Super Orange,गेंदा,सुपर ऑरेंज,ಚೆಂಡು ಹೂವು,ಸುಪರ ಆರೇಂಜ,బంతి పువ్వు,సుపర ఆరేంజ,ചെണ്ടുമല്ലി,സുപര ആരേംജ,செண்டு மலர்,ஸுபர ஆரேஞ்ஜ,झेंडू,सुपर ऑरेंज,ગલગોટા,સુપર આરેંજ,ਗੇਂਦਾ,ਸੁਪਰ ਆਰੇਂਜ,গাঁদা,সুপর আরেংজ,নাৰ্জী ফুল,সুপৰ আৰেংজ,ଗେଣ୍ଡୁ ଫୁଲ,ସୁପର ଆରେଂଜ
Marigold,Apsara Yellow,गेंदा,अप्सरा येलो,ಚೆಂಡು ಹೂವು,ಅಪ್ಸರಾ ಯೇಲೋ,బంతి పువ్వు,అప్సరా యేలో,ചെണ്ടുമല്ലി,അപ്സരാ യേലോ,செண்டு மலர்,அப்ஸரா யேலோ,झेंडू,अप्सरा येलो,ગલગોટા,અપ્સરા યેલો,ਗੇਂਦਾ,ਅਪ੍ਸਰਾ ਯੇਲੋ,গাঁদা,অপ্সরা যেলো,নাৰ্জী ফুল,অপ্সৰা যেলো,ଗେଣ୍ଡୁ ଫୁଲ,ଅପ୍ସରା ଯେଲୋ
Cucumber,Muskan,खीरा,मुस्कान,ಸೌತೆಕಾಯಿ,ಮುಸ್ಕಾನ,దోసకాయ,ముస్కాన,വെള്ളരി,മുസ്കാന,வெள்ளரி,முஸ்காந,काकडी,मुस्कान,કાકડી,મુસ્કાન,ਖੀਰਾ,ਮੁਸ੍ਕਾਨ,শসা,মুস্কান,তিয়ঁহ,মুস্কান,କାକୁଡ଼ି,ମୁସ୍କାନ
Pumpkin,EW 238,कद्दू,ईडब्ल्यू 238,ಕುಂಬಳಕಾಯಿ,ಈಡಬ್ಲ್ಯೂ 238,గుమ్మడికాయ,ఈడబ్ల్యూ 238,മത്തങ്ങ,ഈഡബ്ല്യൂ 238,பரங்கிக்காய்,ஈடப்ல்யூ 238,लाल भोपळा,ईडब्ल्यू 238,કોળું,ઈડબ્લ્યૂ 238,ਕੱਦੂ,ਈਡਬ੍ਲ੍ਯੂ 238,মিষ্টি কুমড়া,ঈডব্ল্যূ 238,ৰঙালাউ,ঈডব্ল্যূ 238,କଖାରୁ,ଈଡବ୍ଲ୍ଯୂ 238
Hot Pepper,Nimadi,मिर्च,निमाड़ी,ಮೆಣಸಿನಕಾಯಿ,ನಿಮಾಡೀ,మిరపకాయ,నిమాడీ,മുളക്,നിമാഡീ,மிளகாய்,நிமாடீ,मिरची,निमाड़ी,મરચાં,નિમાડી,ਮਿਰਚ,ਨਿਮਾਡੀ,লঙ্কা,নিমাডী,জলকীয়া,নিমাডী,ଲଙ୍କା,ନିମାଡୀ
Yard Long Beans,Green Thunder,बरबटी,ग्रीन थंडर,ಅಲಸಂದೆ,ಗ್ರೀನ ಥಂಡರ,అలసంద కాయ,గ్రీన థండర,അച്ചിങ്ങ പയർ,ഗ്രീന ഥംഡര,காராமணிக்காய்,க்ரீந தண்டர,चवळी शेंगा,ग्रीन थंडर,ચોળી,ગ્રીન થંડર,ਲੋਬੀਆ ਫਲੀ,ਗ੍ਰੀਨ ਥਂਡਰ,বরবটি,গ্রীন থংডর,উৰহী,গ্ৰীন থংডৰ,ଝୁଡ଼ଙ୍ଗ,ଗ୍ରୀନ ଥଂଡର
Egg Plant,Meghna,बैंगन,मेघना,ಬದನೆಕಾಯಿ,ಮೇಘನಾ,వంకాయ,మేఘనా,വഴുതന,മേഘനാ,கத்தரிக்காய்,மேகநா,वांगे,मेघना,રીંગણ,મેઘના,ਬੈਂਗਣ,ਮੇਘਨਾ,বেগুন,মেঘনা,বেঙেনা,মেঘনা,ବାଇଗଣ,ମେଘନା
Egg Plant,Lalita,बैंगन,ललिता,ಬದನೆಕಾಯಿ,ಲಲಿತಾ,వంకాయ,లలితా,വഴുതന,ലലിതാ,கத்தரிக்காய்,லலிதா,वांगे,ललिता,રીંગણ,લલિતા,ਬੈਂਗਣ,ਲਲਿਤਾ,বেগুন,ললিতা,বেঙেনা,ললিতা,ବାଇଗଣ,ଲଲିତା
Papaya,Sinta,पपीता,सिंटा,ಪಪ್ಪಾಯಿ,ಸಿಂಟಾ,బొప్పాయి,సింటా,പപ്പായ,സിംടാ,பப்பாளி,ஸிண்டா,पपई,सिंटा,પપૈયું,સિંટા,ਪਪੀਤਾ,ਸਿਂਟਾ,পেঁপে,সিংটা,অমিতা,সিংটা,ଅମୃତଭଣ୍ଡା,ସିଂଟା
Papaya,Lunar,पपीता,लूनर,ಪಪ್ಪಾಯಿ,ಲೂನರ,బొప్పాయి,లూనర,പപ്പായ,ലൂനര,பப்பாளி,லூநர,पपई,लूनर,પપૈયું,લૂનર,ਪਪੀਤਾ,ਲੂਨਰ,পেঁপে,লূনর,অমিতা,লূনৰ,ଅମୃତଭଣ୍ଡା,ଲୂନର
Beetroot,Jolly Red,चुकंदर,जॉली रेड,ಬೀಟ್ರೂಟ್,ಜಾಲೀ ರೇಡ,బీట్రూట్,జాలీ రేడ,ബീറ്റ്റൂട്ട്,ജാലീ രേഡ,பீட்ரூட்,ஜாலீ ரேட,बीट,जॉली रेड,બીટ,જાલી રેડ,ਚੁਕੰਦਰ,ਜਾਲੀ ਰੇਡ,বিট,জালী রেড,বিট,জালী ৰেড,ବିଟ,ଜାଲୀ ରେଡ
Papaya,Red Royal,पपीता,रेड रॉयल,ಪಪ್ಪಾಯಿ,ರೇಡ ರಾಯಲ,బొప్పాయి,రేడ రాయల,പപ്പായ,രേഡ രായല,பப்பாளி,ரேட ராயல,पपई,रेड रॉयल,પપૈયું,રેડ રાયલ,ਪਪੀਤਾ,ਰੇਡ ਰਾਯਲ,পেঁপে,রেড রায়ল,অমিতা,ৰেড ৰায়ল,ଅମୃତଭଣ୍ଡା,ରେଡ ରାଯଲ
Papaya,Sapna,पपीता,सपना,ಪಪ್ಪಾಯಿ,ಸಪನಾ,బొప్పాయి,సపనా,പപ്പായ,സപനാ,பப்பாளி,ஸபநா,पपई,सपना,પપૈયું,સપના,ਪਪੀਤਾ,ਸਪਨਾ,পেঁপে,সপনা,অমিতা,সপনা,ଅମୃତଭଣ୍ଡା,ସପନା
Sweet Pepper,Kaveri,शिमला मिर्च,कावेरी,ದೊಣ್ಣೆ ಮೆಣಸಿನಕಾಯಿ,ಕಾವೇರೀ,క్యాప్సికం,కావేరీ,കാപ്സിക്കം,കാവേരീ,குடை மிளகாய்,காவேரீ,ढोबळी मिरची,कावेरी,શિમલા મરચું,કાવેરી,ਸ਼ਿਮਲਾ ਮਿਰਚ,ਕਾਵੇਰੀ,ক্যাপসিকাম,কাবেরী,কেপচিকাম,কাৱেৰী,କ୍ୟାପସିକମ,କାଵେରୀ
Sponge Gourd,Meira,चिकनी तोरई,मीरा,ತುಪ್ಪದ ಹೀರೆಕಾಯಿ,ಮೀರಾ,నేతి బీరకాయ,మీరా,മിനുസമുള്ള പീച്ചിങ്ങ,മീരാ,மிருதுவான பீர்க்கங்காய்,மீரா,घोसाळे,मीरा,ગલકા,મીરા,ਘੀਆ ਤੋਰੀ,ਮੀਰਾ,ধুন্দুল,মীরা,ভোল,মীৰা,ଚିକ୍କଣ ଜହ୍ନି,ମୀରା
Cucumber,Smera,खीरा,स्मेरा,ಸೌತೆಕಾಯಿ,ಸ್ಮೇರಾ,దోసకాయ,స్మేరా,വെള്ളരി,സ്മേരാ,வெள்ளரி,ஸ்மேரா,काकडी,स्मेरा,કાકડી,સ્મેરા,ਖੀਰਾ,ਸ੍ਮੇਰਾ,শসা,স্মেরা,তিয়ঁহ,স্মেৰা,କାକୁଡ଼ି,ସ୍ମେରା
Sweet Corn,Golden Candy,स्वीट कॉर्न,गोल्डन कैंडी,ಸಿಹಿ ಜೋಳ,ಗೋಲ್ಡನ ಕೈಂಡೀ,తీపి మొక్కజొన్న,గోల్డన కైండీ,മധുര ചോളം,ഗോല്ഡന കൈംഡീ,இனிப்பு சோளம்,கோல்டந கைண்டீ,स्वीट कॉर्न,गोल्डन कैंडी,મીઠી મકાઈ,ગોલ્ડન કૈંડી,ਮਿੱਠੀ ਮੱਕੀ,ਗੋਲ੍ਡਨ ਕੈਂਡੀ,মিষ্টি ভুট্টা,গোল্ডন কৈংডী,মিঠা মাকৈ,গোল্ডন কৈংডী,ମିଠା ମକା,ଗୋଲ୍ଡନ କୈଂଡୀ
Bitter Gourd,Vedansh,करेला,वेदांश,ಹಾಗಲಕಾಯಿ,ವೇದಾಂಶ,కాకరకాయ,వేదాంశ,പാവയ്ക്ക,വേദാംശ,பாகற்காய்,வேதாந்ஶ,कारले,वेदांश,કારેલા,વેદાંશ,ਕਰੇਲਾ,ਵੇਦਾਂਸ਼,করলা,বেদাংশ,কেৰেলা,ৱেদাংশ,କଲରା,ଵେଦାଂଶ
Okra,Rockstar,भिंडी,रॉकस्टार,ಬೆಂಡೆಕಾಯಿ,ರಾಕಸ್ಟಾರ,బెండకాయ,రాకస్టార,വെണ്ടയ്ക്ക,രാകസ്ടാര,வெண்டைக்காய்,ராகஸ்டார,भेंडी,रॉकस्टार,ભીંડા,રાકસ્ટાર,ਭਿੰਡੀ,ਰਾਕਸ੍ਟਾਰ,ঢেঁড়স,রাকস্টার,ভেণ্ডি,ৰাকস্টাৰ,ଭେଣ୍ଡି,ରାକସ୍ଟାର